Model,Val_MAE,Val_RMSE,Val_R2,Test_MAE,Test_RMSE,Test_R2
Audio_LSTM,2.503365097567439,3.5070575622513993,-0.9679124391911562,9.9710883051157,12.464521592720082,-1.774362473846164
