model,val_mae,val_rmse,val_r2,test_mae,test_rmse,test_r2
Audio_LSTM,2.503365097567439,3.5070575622513998,-0.9679124391911562,9.9710883051157,12.464521592720082,-1.774362473846164
Text_BERT,2.55567710660398,3.6024990850408787,-1.076479945235259,9.79878027861317,12.246024874787336,-1.6779486648912534
