modality,weight,normalized
audio,-1.4830573,0.5419234
video,-1.2535976,0.45807663
