model,method,val_mae,test_mae,test_rmse,test_r2
Late Fusion (Average),simple_average,2.641942024230957,10.156028747558594,12.606493993014015,-1.8379230499267578
Late Fusion (Weighted),learned_weights,4.187942028045654,6.418527603149414,8.202372082262478,-0.20140910148620605
