True,Predicted
2.0,0.5917183
8.0,0.47177553
20.0,0.8313639
