test_mae,test_rmse,test_r2
9.79878027861317,12.246024874787336,-1.6779486648912534
