Split,MAE,RMSE,R2
Validation,2.478928178548813,3.107283283520458,-0.5448335046473087
Test,9.368380745251974,11.91769035581067,-1.5362739895889757
