Model,Val MAE,Test MAE,Test RMSE,Test R²
Full HCMA,247.7144012451172,15.102191925048828,15.698167069464521,-10.924151420593262
No Self-Attention,249.4934539794922,14.651562690734863,15.172420095125522,-10.138822555541992
No Cross-Attention,30.526636123657227,14.118980407714844,15.072458354710827,-9.992531776428223
Audio + Text Only,2.5560965538024902,4.184022426605225,4.858999943135181,-0.14241361618041992
