,MAE,RMSE,R²
Late Fusion,3.3,4.1,0.62
Early Fusion,3.5,4.3,0.58
Text-only BERT,3.8,4.7,0.51
Audio-only LSTM,4.2,5.1,0.42
HCMA (Proposed),15.836525917053223,16.22371766558387,-11.735920906066895
