session_id,true_phq8,predicted_phq8,error
302,4.0,2.8838038,1.1161962
303,0.0,1.7957335,1.7957335
320,11.0,2.1408126,8.859187
