test_mae,test_r2,val_mae,val_r2,train_mae,train_r2
3.9237053394317627,-0.3379960060119629,1.5183109045028687,0.02855759859085083,4.253833770751953,-0.37900257110595703
