session_id,true_phq8,predicted_phq8,absolute_error
302,4.0,-11.394928,15.394928
303,0.0,-11.759193,11.759193
320,11.0,-9.355457,20.355457
