train_mae,val_mae,test_mae,train_r2,val_r2,test_r2
7.416666507720947,4.333333492279053,5.0,-2.418625593185425,-4.447368144989014,-1.2096774578094482
