train_mae,train_rmse,train_r2,val_mae,val_rmse,val_r2,test_mae,test_rmse,test_r2,best_val_mae,dataset_size
21.88898277282715,28.138435376014712,-33.81377029418945,60.46324157714844,80.81591676361624,-1545.865966796875,15.836525917053223,16.22371766558387,-11.735920906066895,60.46324157714844,12/3/3
