True,Predicted
2.0,-0.039703805
8.0,0.30257562
20.0,0.34078735
